Top consultas,Cliques,Impressões,CTR,Posição
calculo rescisão,0,9,0%,85.56
correcao de redacao,0,8,0%,85.12
você entra fernando e sai pessoa,0,7,0%,7.71
propostas comerciais online,0,7,0%,67
gerador de propostas,0,7,0%,77.86
enem redação,0,5,0%,68.8
correção de redação,0,5,0%,83.4
redação enem,0,4,0%,73.5
corrigir redação,0,4,0%,81.5
calculo rescisão comum acordo,0,4,0%,86.5
resposta correta,0,3,0%,46.67
emitir recibo de pagamento,0,3,0%,54
redação do enem,0,3,0%,78.33
calculo de rescisão,0,3,0%,80.67
gerador de recibo online,0,3,0%,82.33
simulado de redação,0,3,0%,82.67
site de correção de redação gratuito,0,3,0%,93.33
corretor de redação,0,3,0%,98.33
cálculo de liquidación por renuncia en brasil,0,2,0%,12
pratique redação,0,2,0%,46
toda materia corretor de redação,0,2,0%,65.5
redação on line,0,2,0%,68.5
respostacerta,0,2,0%,68.5
analise de redação,0,2,0%,74
correção enem,0,2,0%,75.5
pode pular linha na redação,0,2,0%,76.5
criar contrato,0,2,0%,77.5
corrija minha redação,0,2,0%,78.5
redação simulado,0,2,0%,79.5
calculo decimo terceiro calculo exato,0,2,0%,81
simulado do enem redação,0,2,0%,81
corrigir redacao,0,2,0%,81.5
gerador de comprovante de pagamento,0,2,0%,82
correção de redação gratuita,0,2,0%,82.5
verificador de redação,0,2,0%,82.5
calculo recisao,0,2,0%,84
corrigir redação de graça,0,2,0%,84
correção de redação grátis,0,2,0%,85
redação enem simulado,0,2,0%,85.5
corretor de redação gratuito,0,2,0%,87
corrigir redação grátis,0,2,0%,87
redação online grátis,0,2,0%,87
recisao de trabalho,0,2,0%,89.5
calculo exato ferias,0,2,0%,90
site corrigir redação,0,2,0%,90
calcular férias cálculo exato,0,2,0%,90.5
site que corrige redação,0,2,0%,90.5
calculo rescisão trabalhista com fgts,0,2,0%,91.5
corrigir redação online,0,2,0%,91.5
calculadora rescisão clt,0,2,0%,92
site que corrige redações,0,2,0%,92.5
calcular rescisão contratual,0,2,0%,93.5
gerador de redações,0,2,0%,97
fazer redação online,0,2,0%,98
calcular rescisão,0,2,0%,111.5
calculadora de rescisão,0,2,0%,117.5
lattes,0,1,0%,5
qr code copia e cola,0,1,0%,8
proposta comercial online,0,1,0%,22
remover fundo,0,1,0%,22
contrato servicios,0,1,0%,39
"quatro amigos, cada um com 100 moedas, criaram um jogo, no qual cada um 
assume uma das quatro posições, 1, 2, 3 ou 4, indicadas na figura, e nela 
permanece até o final.",0,1,0%,39
cronograma online gratuito,0,1,0%,41
cronograma de entrega,0,1,0%,43
julgue os itens sobre o estilo de redação técnico científica,0,1,0%,43
corredacao,0,1,0%,46
corredaçao,0,1,0%,46
descomplica redação,0,1,0%,46
revisão da redação do enem,0,1,0%,46
meu pc roda esse jogo,0,1,0%,48
entra fernando e sai pessoa,0,1,0%,49
grade de correção redação enem pdf,0,1,0%,49
gerador de contrato de compra e venda,0,1,0%,51
coredacao,0,1,0%,52
perfil profesional online,0,1,0%,52
respostas corretas,0,1,0%,52
glau redações,0,1,0%,54
imprimir recibo de pagamento,0,1,0%,54
glau redacoes,0,1,0%,55
anibal redação,0,1,0%,56
redação enem resultado,0,1,0%,56
glau redacao,0,1,0%,57
remove fundo,0,1,0%,57
aluno coredação,0,1,0%,59
corretor de redação toda matéria,0,1,0%,59
redação gabarito,0,1,0%,59
jnr escola de redação,0,1,0%,60
glau com vc,0,1,0%,61
gerador de contrato,0,1,0%,62
causa e consequencia redação,0,1,0%,63
redação 2010 enem,0,1,0%,63
calculadora rescisão,0,1,0%,64
como revisar uma redacao,0,1,0%,64
nucleo de redação,0,1,0%,64
analisar redação,0,1,0%,65
enem casal,0,1,0%,65
referencias bibliograficas abnt online,0,1,0%,65
background rmeover,0,1,0%,66
transformar referencia em abnt,0,1,0%,66
enem redacao,0,1,0%,68
gerador de comprovante,0,1,0%,68
treinar redação enem,0,1,0%,68
enem adaptada,0,1,0%,69
avalie minha redação,0,1,0%,70
banco de redacoes,0,1,0%,70
redacao enem,0,1,0%,70
redacoes do enem,0,1,0%,70
avaliador de redação enem,0,1,0%,71
enem 2011 redação,0,1,0%,71
simulação de demissão sem justa causa,0,1,0%,71
corrigir redação do enem,0,1,0%,72
criar contrato de aluguel,0,1,0%,72
resolva ai,0,1,0%,72
texto motivador enem,0,1,0%,72
valor freelancer,0,1,0%,72
calculo rescisao temporário,0,1,0%,73
enem de casal,0,1,0%,73
redação para o enem,0,1,0%,73
co redação,0,1,0%,74
gerador de referência,0,1,0%,74
treino de redação,0,1,0%,74
gerador de proposta,0,1,0%,75
sua redacao,0,1,0%,75
treinar redação,0,1,0%,75
plataforma de correção de redação gratuita,0,1,0%,76
contrato de aluguel online,0,1,0%,77
corretor de redaçao enem,0,1,0%,77
corrigindo redação,0,1,0%,77
exercícios de redação com gabarito,0,1,0%,77
quanto recebo de férias,0,1,0%,77
recisão trabalhista,0,1,0%,77
referencias bibliograficas online,0,1,0%,77
teste de redação,0,1,0%,77
calcular 13 salario calculo exato,0,1,0%,78
correcao do enem,0,1,0%,78
correções de redação,0,1,0%,78
tabela de preços freelancer,0,1,0%,78
teste de redacao,0,1,0%,78
avaliar redação,0,1,0%,79
calculo exato férias,0,1,0%,79
como fazer uma rescisão,0,1,0%,79
correção da redação do enem,0,1,0%,79
correção de redação enem,0,1,0%,79
correção redação gratuita,0,1,0%,79
correção redação grátis,0,1,0%,79
corrige redacao,0,1,0%,79
gerador pix copia e cola,0,1,0%,79
treinar redação online gratis,0,1,0%,79
clt x mei calculadora,0,1,0%,80
correcao enem,0,1,0%,80
correção redação gratis,0,1,0%,80
criador de contratos,0,1,0%,80
redação corrigir,0,1,0%,80
simulado para redação do enem,0,1,0%,80
correçao de redações gratuitas,0,1,0%,81
laboratório de redação,0,1,0%,81
simulado redação,0,1,0%,81
calculos de rescisão,0,1,0%,82
correcao de redaçao,0,1,0%,82
corrigir redaçao,0,1,0%,82
corrigir redação gratis,0,1,0%,82
freelance services pricing calculator,0,1,0%,82
gerador qr code chave pix,0,1,0%,82
gerar qr code de pix,0,1,0%,82
gerar qr code pix,0,1,0%,82
revisão de redação,0,1,0%,82
transformar qr code em pix copia e cola,0,1,0%,82
calculo resisorio,0,1,0%,83
correção de redações,0,1,0%,83
correção redação enem,0,1,0%,83
corrigir redacao gratis,0,1,0%,83
fazer redação online com correção gratis,0,1,0%,83
perolas do vestibular,0,1,0%,83
redação corrigida online gratis,0,1,0%,83
simulado de redação do enem,0,1,0%,83
aviso prévio proporcional,0,1,0%,84
calcular rescisão completa,0,1,0%,84
coreção de redação,0,1,0%,84
corretor gratuito de redação,0,1,0%,84
correção de redação automática,0,1,0%,84
nota redação,0,1,0%,84
recisao trabalhista,0,1,0%,84
redação correção,0,1,0%,84
redação online,0,1,0%,84
rescisão calculo,0,1,0%,84
calculo rescisão completa,0,1,0%,85
correcao de redacao gratis,0,1,0%,85
correcao de redação,0,1,0%,85
corretor de redação enem,0,1,0%,85
corretor enem,0,1,0%,85
cálculo exato ferias,0,1,0%,85
site que avalia redação,0,1,0%,85
calculadora mei vs clt,0,1,0%,86
calculo rescisório com fgts,0,1,0%,86
corretor de redacao gratis,0,1,0%,86
correção online de redação,0,1,0%,86
corrigir redação por foto,0,1,0%,86
cálculo rescisão,0,1,0%,86
documento contabil,0,1,0%,86
simulação de rescisão,0,1,0%,86
calculadora mei x clt,0,1,0%,87
calcular férias calculo exato,0,1,0%,87
calcular rescisão jovem aprendiz,0,1,0%,87
calculo exato 13o salario,0,1,0%,87
como fazer acerto trabalhista,0,1,0%,87
corretor de redação online grátis,0,1,0%,87
correção redação enem 2025,0,1,0%,87
corrigir redação online grátis,0,1,0%,87
cálculo exato 13 1 parcela,0,1,0%,87
simulado redação enem,0,1,0%,87
simulador de redação enem,0,1,0%,87
site que corrige redação de graça,0,1,0%,87
sites que corrigem redação de graça,0,1,0%,87
corretor de introdução de redação,0,1,0%,88
nota de redação,0,1,0%,88
redação online corretor,0,1,0%,88
simulador rescisão,0,1,0%,88
simulação da rescisão,0,1,0%,88
sites que corrigem redações de graça,0,1,0%,88
calculadora de décimo terceiro,0,1,0%,89
comprovante de aluguel,0,1,0%,89
correção online redação,0,1,0%,89
site redação,0,1,0%,89
calcular rescisão completo,0,1,0%,90
corretor de redação grátis,0,1,0%,90
correção de redação online,0,1,0%,90
correção de redação online gratis,0,1,0%,90
nota da redação,0,1,0%,90
recisão de trabalho,0,1,0%,90
simular rescisão,0,1,0%,90
calculo rescisão de trabalho,0,1,0%,91
calculos exatos ferias,0,1,0%,91
corrigir redacao online,0,1,0%,91
site para corrigir redação,0,1,0%,91
valor da rescisão,0,1,0%,91
calcular rescisao,0,1,0%,92
calculo exato décimo terceiro salário,0,1,0%,92
calculo rescisão clt,0,1,0%,92
calculos exatos rescisão,0,1,0%,92
correcao de redacao online,0,1,0%,92
corretor redacao,0,1,0%,92
cálculo rescisório,0,1,0%,92
calcular rescisao de contrato,0,1,0%,93
calcular rescisão clt,0,1,0%,93
corretor de redação online,0,1,0%,93
gerador de redação grátis,0,1,0%,93
pagamento de ferias calculo,0,1,0%,93
redação fazer online,0,1,0%,93
site de redação,0,1,0%,93
calculoexato rescisão,0,1,0%,94
rescisão clt,0,1,0%,94
site de correção de redação,0,1,0%,94
site para correção de redação,0,1,0%,94
calculadora de acordo trabalhista,0,1,0%,95
calculos exatos trabalhistas,0,1,0%,95
corretor de redaçao,0,1,0%,95
cálculo exato férias,0,1,0%,95
cálculos exatos trabalhista,0,1,0%,95
rescisão de contrato trabalhista,0,1,0%,95
sites de correção de redação,0,1,0%,95
trabalhei 3 meses quanto vou receber de rescisão,0,1,0%,95
calculadora salario volta de ferias,0,1,0%,96
como fazer o calculo trabalhista,0,1,0%,96
corretor de redacoes,0,1,0%,96
corretora de redação,0,1,0%,96
cálculo 13o proporcional,0,1,0%,96
rescisão de trabalho,0,1,0%,97
rescisão simulação,0,1,0%,97
simulação de demissão,0,1,0%,97
calculando minha rescisão,0,1,0%,98
calcular rescisão contratual com fgts,0,1,0%,98
calculo de rescisão com fgts,0,1,0%,98
calculo exato do decimo terceiro salario,0,1,0%,98
corretor de redacao,0,1,0%,98
cálculo das férias,0,1,0%,98
processador para jogos,0,1,0%,98
rescisão jovem aprendiz calcular,0,1,0%,98
salário de férias,0,1,0%,98
cálculo de rescisão de contrato,0,1,0%,99
mei vs clt,0,1,0%,99
calcular rescisão trabalhista completa,0,1,0%,100
corretor de redacao online,0,1,0%,100
simulador acerto trabalhista,0,1,0%,100
simulação de rescisão trabalhista,0,1,0%,100