Páginas principais,Cliques,Impressões,CTR,Posição
https://resolvajato.com.br/es/tools/pix,2,3,66.67%,9.67
https://resolvajato.com.br/,1,5,20%,47.4
https://resolvajato.com.br/recibo-de-aluguel,1,2,50%,45.5
https://resolvajato.com.br/ferramentas/redacao-enem,0,236,0%,74.59
https://resolvajato.com.br/calculadora-de-rescisao,0,49,0%,92.22
https://resolvajato.com.br/guias/como-calcular-rescisao,0,33,0%,90.39
https://resolvajato.com.br/gerador-de-proposta-comercial,0,21,0%,55.95
https://resolvajato.com.br/calculadora-de-decimo-terceiro,0,14,0%,79.64
https://resolvajato.com.br/calculadora-de-ferias,0,14,0%,90.14
https://resolvajato.com.br/gerador-de-recibo,0,12,0%,55.17
https://resolvajato.com.br/gerador-de-qr-code-pix,0,10,0%,47.1
https://resolvajato.com.br/es/tools/severance,0,8,0%,8.5
https://resolvajato.com.br/gerador-de-curriculo,0,6,0%,4.83
https://resolvajato.com.br/es/tools/lattes-cv,0,6,0%,13
https://resolvajato.com.br/gerador-de-contrato,0,4,0%,31.5
https://resolvajato.com.br/en/tools/background-remover,0,4,0%,48
https://resolvajato.com.br/recibo-de-pagamento,0,4,0%,54
https://resolvajato.com.br/proposta-comercial-mei,0,3,0%,8
https://resolvajato.com.br/assistente/documentos,0,3,0%,25.33
https://resolvajato.com.br/en/tools/pix,0,3,0%,38.67
https://resolvajato.com.br/modelos/referencias-abnt-online,0,3,0%,69.33
https://resolvajato.com.br/modelos/calculo-de-ferias,0,3,0%,90
https://resolvajato.com.br/planos,0,2,0%,2
https://resolvajato.com.br/imprensa,0,2,0%,4
https://resolvajato.com.br/recursos,0,2,0%,4.5
https://resolvajato.com.br/orcamento-com-pix,0,2,0%,5.5
https://resolvajato.com.br/termos,0,2,0%,6
https://resolvajato.com.br/documentos-juridicos-online,0,2,0%,7.5
https://resolvajato.com.br/para/mei,0,2,0%,8.5
https://resolvajato.com.br/games/ferramentas/meu-pc-roda,0,2,0%,27
https://resolvajato.com.br/en/tools/service-contract,0,2,0%,42
https://resolvajato.com.br/guias/aviso-previo-proporcional-como-calcular,0,2,0%,45
https://resolvajato.com.br/mei-ou-clt,0,2,0%,45
https://resolvajato.com.br/contrato-de-aluguel,0,2,0%,74.5
https://resolvajato.com.br/es/tools/freelance-pricing,0,2,0%,78
https://resolvajato.com.br/en/tools/freelance-pricing,0,2,0%,85.5
https://resolvajato.com.br/modelos/mei-ou-clt,0,2,0%,92.5
https://resolvajato.com.br/games/diagnostico/suporte,0,1,0%,3
https://resolvajato.com.br/games/diagnostico/privacidade,0,1,0%,4
https://resolvajato.com.br/embed,0,1,0%,5
https://resolvajato.com.br/guias/como-fazer-orcamento-com-pix,0,1,0%,6
https://resolvajato.com.br/es/tools/abnt-references,0,1,0%,7
https://resolvajato.com.br/privacidade,0,1,0%,7
https://resolvajato.com.br/en/tools/resume,0,1,0%,8
https://resolvajato.com.br/es/tools/receipt,0,1,0%,10
https://resolvajato.com.br/games/jogos/free-fire,0,1,0%,10
https://resolvajato.com.br/games/jogos/roblox,0,1,0%,10
https://resolvajato.com.br/en/tools/mei-vs-employment,0,1,0%,28
https://resolvajato.com.br/es/tools/service-contract,0,1,0%,39
https://resolvajato.com.br/agenda-online,0,1,0%,41
https://resolvajato.com.br/es/tools/delivery-schedule,0,1,0%,43
https://resolvajato.com.br/es/tools/resume,0,1,0%,52
https://resolvajato.com.br/corretor-de-redacao-enem,0,1,0%,71
https://resolvajato.com.br/gerador-de-referencias-abnt,0,1,0%,74
https://resolvajato.com.br/guias/como-precificar-servico-freelancer,0,1,0%,78
https://resolvajato.com.br/en/tools/accounting-documents,0,1,0%,86
https://resolvajato.com.br/guias/mei-ou-clt-como-comparar,0,1,0%,87
https://resolvajato.com.br/games/hardware/processador-para-jogos,0,1,0%,98